<?xml version="1.0" encoding="UTF-8"?>
  <SupportAssistPrebootDiagnosticLog>
    <Schema>1.0.0</Schema>
    <LogNumber>205</LogNumber>
    <LogTimeStamp>12/17/2021 12:32:44</LogTimeStamp>
    <ePSA_Data>
      <Result>Fail</Result>
      <ReturnCode>BOOT_HOST_OS</ReturnCode>
      <DevicesTested>Fan</DevicesTested>
      <LogData>
        <ePSALogTimeStamp>12/17/2021 12:29:33</ePSALogTimeStamp>
        <ePSAVersion>4304.09</ePSAVersion>
        <ErrorCode>2000:0511</ErrorCode>
        <ValidationCode>129112</ValidationCode>
        <ErrorMessage><![CDATA[Fan - The (Processor Fan) fan failed to respond correctly]]></ErrorMessage>
        <MemRxHealed>FALSE</MemRxHealed>
      </LogData>
      <ePSAInfo><![CDATA[serviceTag=6QXH562&errCode=0511&ValCode=129112&fru=CN052K07129635AU03A0A00&uID=0F2D7]]></ePSAInfo>
      <ePSAFullVersion>4304.09</ePSAFullVersion>
      <ePSAInvocationCount>11</ePSAInvocationCount>
    </ePSA_Data>
    <BIOS_Data>
      <ErrorCategory>PRV_FAN_FAIL</ErrorCategory>
      <ErrorMessage><![CDATA[Fan malfunction.
]]></ErrorMessage>
      <FRU_String><![CDATA[Previous Fan]]></FRU_String>
      <SOS_Available>FALSE</SOS_Available>
      <TimeOutSeconds>0</TimeOutSeconds>
    </BIOS_Data>
  </SupportAssistPrebootDiagnosticLog>
